zoneName,Status,FullName,LastUpdate,Risk,Impact,Owner
AD,Not Available,Andorra,2/10/25,Medium,Low,Not assigned
AE,Not Available,UnitedArabEmirates,2/10/25,Medium,Low,Not assigned
AF,Not Available,Afghanistan,2/10/25,Medium,Low,Not assigned
AG,Not Available,AG,2/10/25,Medium,Low,Not assigned
AL,Not Available,AL,2/10/25,Medium,Low,Not assigned
AM,Not Available,AM,2/10/25,Medium,Low,Not assigned
AO,Not Available,AO,2/10/25,Medium,Low,Not assigned
AR,Not Available,AR,2/10/25,Medium,Low,Not assigned
AT,Not Available,Austria,2/10/25,Medium,Low,Neelaksh
AU-LH,Real-Time(<6hours),AU-LH,2/10/25,Medium,Low,Neelaksh
AU-NSW,Real-Time(<6hours),Australia - New South Wales,2/10/25,Medium,Low,Neelaksh
AU-NT,Real-Time(<6hours),Australia - Northern Territory,2/10/25,Medium,Low,Neelaksh
AU-QLD,Real-Time(<6hours),Australia - Queensland,2/10/25,Medium,Low,Neelaksh
AU-SA,Real-Time(<6hours),Australia - South Australia,2/10/25,Medium,Low,Neelaksh
AU-TAS-CBI,Real-Time(<6hours),AU-TAS-CBI,2/10/25,Medium,Low,Neelaksh
AU-TAS-FI,Real-Time(<6hours),AU-TAS-FI,2/10/25,Medium,Low,Neelaksh
AU-TAS-KI,Real-Time(<6hours),AU-TAS-KI,2/10/25,Medium,Low,Neelaksh
AU-TAS,Real-Time(<6hours),Australia - Tasmania,2/10/25,Medium,Low,Neelaksh
AU-VIC,Real-Time(<6hours),Australia - Victoria,2/10/25,Medium,Low,Neelaksh
AU-WA-RI,Not Available,AU-WA-RI,2/10/25,Medium,Low,Neelaksh
AU-WA,,Australia - Western Australia,2/10/25,Medium,Low,Neelaksh
AU,Real-Time(<6hours),Australia,2/10/25,Medium,Low,Neelaksh
AW,Not Available,Aruba,2/10/25,Medium,Low,Not assigned
AX,Not Available,AX,2/10/25,Medium,Low,Not assigned
AZ,Not Available,AZ,2/10/25,Medium,Low,Not assigned
BA,Not Available,BA,2/10/25,Medium,Low,Not assigned
BB,Not Available,BB,2/10/25,Medium,Low,Not assigned
BD,Not Available,BD,2/10/25,Medium,Low,Not assigned
BE,Not Available,Belgium,2/10/25,Medium,Low,Neelaksh
BF,Not Available,BF,2/10/25,Medium,Low,Not assigned
BG,Not Available,Bulgaria,2/10/25,Medium,Low,Neelaksh
BH,Not Available,BH,2/10/25,Medium,Low,Not assigned
BI,Not Available,BI,2/10/25,Medium,Low,Not assigned
BJ,Not Available,BJ,2/10/25,Medium,Low,Not assigned
BM,Not Available,BM,2/10/25,Medium,Low,Not assigned
BN,Not Available,BN,2/10/25,Medium,Low,Not assigned
BO,Not Available,BO,2/10/25,Medium,Low,Not assigned
BR-CS,Not Available,BR-CS,2/10/25,Medium,Low,Sayonsom
BR-N,Not Available,BR-N,2/10/25,Medium,Low,Sayonsom
BR-NE,Not Available,BR-NE,2/10/25,Medium,Low,Sayonsom
BR-S,Not Available,BR-S,2/10/25,Medium,Low,Sayonsom
BR,Not Available,Brazil,2/10/25,Medium,Low,Sayonsom
BS,Not Available,BS,2/10/25,Medium,Low,Not assigned
BT,Not Available,BT,2/10/25,Medium,Low,Not assigned
BW,Not Available,BW,2/10/25,Medium,Low,Not assigned
BY,Not Available,BY,2/10/25,Medium,Low,Not assigned
BZ,Not Available,BZ,2/10/25,Medium,Low,Not assigned
CA-AB,Not Available,Canada - Alberta,2/10/25,Medium,Low,Not assigned
CA-BC,Not Available,Canada - British Columbia,2/10/25,Medium,Low,Not assigned
CA-MB,Not Available,Canada - Manitoba,2/10/25,Medium,Low,Not assigned
CA-NB,Not Available,Canada - New Brunswick,2/10/25,Medium,Low,Not assigned
CA-NL,Not Available,Canada - Newfoundland and Labrador,2/10/25,Medium,Low,Not assigned
CA-NS,Not Available,Canada - Nova Scotia,2/10/25,Medium,Low,Not assigned
CA-NT,Not Available,CA-NT,2/10/25,Medium,Low,Not assigned
CA-NU,Not Available,CA-NU,2/10/25,Medium,Low,Not assigned
CA-ON,Not Available,Canada - Ontario,2/10/25,Medium,Low,Not assigned
CA-PE,Not Available,CA-PE,2/10/25,Medium,Low,Not assigned
CA-QC,Not Available,Canada - Quebec,2/10/25,Medium,Low,Not assigned
CA-SK,Not Available,CA-SK,2/10/25,Medium,Low,Not assigned
CA-YT,Not Available,CA-YT,2/10/25,Medium,Low,Not assigned
CA,Not Available,Canada,2/10/25,Medium,Low,Not assigned
CD,Not Available,CD,2/10/25,Medium,Low,Not assigned
CF,Not Available,CF,2/10/25,Medium,Low,Not assigned
CG,Not Available,CG,2/10/25,Medium,Low,Not assigned
CH,Real-Time(<6hours),Switzerland,2/10/25,Medium,Low,Prathmesh
CI,Not Available,CI,2/10/25,Medium,Low,Not assigned
CL-CHP,EstimatedMonthly,CL-CHP,2/10/25,Medium,Low,Not assigned
CL-SEA,Not Available,CL-SEA,2/10/25,Medium,Low,Not assigned
CL-SEM,Not Available,CL-SEM,2/10/25,Medium,Low,Not assigned
CL-SEN,Not Available,CL-SEN,2/10/25,Medium,Low,Not assigned
CM,Not Available,CM,2/10/25,Medium,Low,Not assigned
CN,Not Available,CN,2/10/25,Medium,Low,Not assigned
CO,Not Available,CO,2/10/25,Medium,Low,Not assigned
CR,Not Available,CostaRica,2/10/25,Medium,Low,Not assigned
CU,Not Available,CU,2/10/25,Medium,Low,Not assigned
CV,Not Available,CV,2/10/25,Medium,Low,Not assigned
CW,Not Available,CW,2/10/25,Medium,Low,Not assigned
CY,Not Available,CY,2/10/25,Medium,Low,Not assigned
CZ,Not Available,CzechRepublic,2/10/25,Medium,Low,Neelaksh
DE,Not Available,Germany,2/10/25,Medium,Low,Not assigned
DJ,Not Available,DJ,2/10/25,Medium,Low,Not assigned
DK-BHM,Not Available,DK-BHM,2/10/25,Medium,Low,Not assigned
DK-DK1,Not Available,Denmark - West,2/10/25,Medium,Low,Neelaksh
DK-DK2,Not Available,Denmark - East,2/10/25,Medium,Low,Neelaksh
DK,Not Available,Denmark,2/10/25,Medium,Low,Neelaksh
DM,Not Available,DM,2/10/25,Medium,Low,Not assigned
DO,Not Available,DO,2/10/25,Medium,Low,Not assigned
DZ,Not Available,DZ,2/10/25,Medium,Low,Not assigned
EC,Not Available,EC,2/10/25,Medium,Low,Not assigned
EE,Not Available,EE,2/10/25,Medium,Low,Not assigned
EG,Not Available,EG,2/10/25,Medium,Low,Not assigned
EH,Not Available,EH,2/10/25,Medium,Low,Not assigned
ER,Not Available,ER,2/10/25,Medium,Low,Not assigned
ES-CE,Not Available,ES-CE,2/10/25,Medium,Low,Neelaksh
ES-CN-FV,Not Available,ES-CN-FV,2/10/25,Medium,Low,Neelaksh
ES-CN-GC,Not Available,ES-CN-GC,2/10/25,Medium,Low,Neelaksh
ES-CN-HI,Not Available,ES-CN-HI,2/10/25,Medium,Low,Neelaksh
ES-CN-IG,Not Available,ES-CN-IG,2/10/25,Medium,Low,Neelaksh
ES-CN-LP,Not Available,ES-CN-LP,2/10/25,Medium,Low,Neelaksh
ES-CN-LZ,Not Available,ES-CN-LZ,2/10/25,Medium,Low,Neelaksh
ES-CN-TE,Not Available,ES-CN-TE,2/10/25,Medium,Low,Neelaksh
ES-IB-FO,Not Available,ES-IB-FO,2/10/25,Medium,Low,Neelaksh
ES-IB-IZ,Not Available,ES-IB-IZ,2/10/25,Medium,Low,Neelaksh
ES-IB-MA,Not Available,ES-IB-MA,2/10/25,Medium,Low,Neelaksh
ES-IB-ME,Not Available,ES-IB-ME,2/10/25,Medium,Low,Neelaksh
ES-ML,Not Available,ES-ML,2/10/25,Medium,Low,Neelaksh
ES,Not Available,Spain,2/10/25,Medium,Low,Neelaksh
ET,Not Available,ET,2/10/25,Medium,Low,
FI,Not Available,Finland,2/10/25,Medium,Low,Neelaksh
FJ,Not Available,FJ,2/10/25,Medium,Low,Not assigned
FK,Not Available,FK,2/10/25,Medium,Low,Not assigned
FM,Not Available,FM,2/10/25,Medium,Low,Not assigned
FO-MI,Not Available,FO-MI,2/10/25,Medium,Low,Not assigned
FO-SI,Not Available,FO-SI,2/10/25,Medium,Low,Not assigned
FO,Not Available,FO,2/10/25,Medium,Low,Not assigned
FR-COR,Not Available,FR-COR,2/10/25,Medium,Low,Not assigned
FR,Not Available,France,2/10/25,Medium,Low,Not assigned
GA,Not Available,GA,2/10/25,Medium,Low,Not assigned
GB-NIR,Real-Time(<6hours),Northern Ireland,2/10/25,Medium,Low,Hari
GB-ORK,Real-Time(<6hours),GB-ORK,2/10/25,Medium,Low,Hari
GB-ZET,Real-Time(<6hours),GB-ZET,2/10/25,Medium,Low,Hari
GB,Real-Time(<6hours),Great Britain,2/10/25,Medium,Low,Hari
GE,Not Available,GE,2/10/25,Medium,Low,Not assigned
GF,Not Available,GF,2/10/25,Medium,Low,Not assigned
GG,Not Available,GG,2/10/25,Medium,Low,Not assigned
GH,Not Available,GH,2/10/25,Medium,Low,Not assigned
GI,Not Available,GI,2/10/25,Medium,Low,Not assigned
GL,Not Available,GL,2/10/25,Medium,Low,Not assigned
GM,Not Available,GM,2/10/25,Medium,Low,Not assigned
GN,Not Available,GN,2/10/25,Medium,Low,Not assigned
GP,Not Available,GP,2/10/25,Medium,Low,Not assigned
GQ,Not Available,GQ,2/10/25,Medium,Low,Not assigned
GR,Not Available,Greece,2/10/25,Medium,Low,Neelaksh
GS,Not Available,GS,2/10/25,Medium,Low,Not assigned
GT,Not Available,GT,2/10/25,Medium,Low,Not assigned
GU,Not Available,GU,2/10/25,Medium,Low,Not assigned
GW,Not Available,GW,2/10/25,Medium,Low,Not assigned
GY,Not Available,GY,2/10/25,Medium,Low,Not assigned
HK,Not Available,HK,2/10/25,Medium,Low,Not assigned
HM,Not Available,HM,2/10/25,Medium,Low,Not assigned
HN,Not Available,HN,2/10/25,Medium,Low,Not assigned
HR,Not Available,Croatia,2/10/25,Medium,Low,Neelaksh
HT,Not Available,Haiti,2/10/25,Medium,Low,Not assigned
HU,Not Available,Hungary,2/10/25,Medium,Low,Neelaksh
ID,Not Available,ID,2/10/25,Medium,Low,Not assigned
IE,Real-Time(<6hours),Ireland,2/10/25,Medium,Low,Hari
IL,Not Available,Israel,2/10/25,High,Low,Not assigned
IM,Not Available,IM,2/10/25,Medium,Low,Not assigned
IN-AN,Not Available,IN-AN,2/10/25,Medium,Low,Not assigned
IN-DL,Not Available,IN-DL,2/10/25,Medium,Low,Not assigned
IN-EA,Not Available,IN-EA,2/10/25,Medium,Low,Not assigned
IN-HP,Not Available,IN-HP,2/10/25,Medium,Low,Not assigned
IN-KA,Not Available,Karnataka,2/10/25,Medium,Low,Not assigned
IN-MH,Not Available,Maharashtra,2/10/25,Medium,Low,Not assigned
IN-NE,Not Available,IN-NE,2/10/25,Medium,Low,Not assigned
IN-NO,Not Available,IN-NO,2/10/25,Medium,Low,Not assigned
IN-PB,Not Available,Punjab,2/10/25,Medium,Low,Not assigned
IN-SO,Not Available,IN-SO,2/10/25,Medium,Low,Not assigned
IN-UP,Not Available,IN-UP,2/10/25,Medium,Low,Not assigned
IN-UT,Not Available,IN-UT,2/10/25,Medium,Low,Not assigned
IN-WE,Not Available,IN-WE,2/10/25,Medium,Low,Not assigned
IN,Not Available,IN,2/10/25,Medium,Low,Not assigned
IQ-KUR,Not Available,IQ-KUR,2/10/25,Medium,Low,Not assigned
IQ,Not Available,IQ,2/10/25,Medium,Low,Not assigned
IR,Not Available,IR,2/10/25,Medium,Low,Not assigned
IS,Not Available,IS,2/10/25,Medium,Low,Not assigned
IT-CNO,Not Available,IT-CNO,2/10/25,Medium,Low,Not assigned
IT-CSO,Not Available,IT-CSO,2/10/25,Medium,Low,Not assigned
IT-NO,Not Available,IT-NO,2/10/25,Medium,Low,Not assigned
IT-SAR,Not Available,IT-SAR,2/10/25,Medium,Low,Not assigned
IT-SIC,Not Available,IT-SIC,2/10/25,Medium,Low,Not assigned
IT-SO,Not Available,IT-SO,2/10/25,Medium,Low,Not assigned
IT,Not Available,Italy,2/10/25,Medium,Low,Neelaksh
JE,Not Available,JE,2/10/25,Medium,Low,Not assigned
JM,Not Available,JM,2/10/25,Medium,Low,Not assigned
JO,Not Available,JO,2/10/25,Medium,Low,Not assigned
JP-CB,Not Available,Japan - Chūbu,2/10/25,Medium,Low,Not assigned
JP-CG,Not Available,Japan - Chūgoku,2/10/25,Medium,Low,Not assigned
JP-HKD,Not Available,Japan - Hokkaidō,2/10/25,Medium,Low,Not assigned
JP-HR,Not Available,Japan - Hokuriku,2/10/25,Medium,Low,Not assigned
JP-KN,Not Available,Japan - Kansai,2/10/25,Medium,Low,Not assigned
JP-KY,Not Available,Japan - Kyūshū,2/10/25,Medium,Low,Not assigned
JP-ON,Not Available,Japan - Okinawa,2/10/25,Medium,Low,Not assigned
JP-SK,Not Available,Japan - Shikoku,2/10/25,Medium,Low,Not assigned
JP-TH,Not Available,Japan - Tōhoku,2/10/25,Medium,Low,Not assigned
JP-TK,Not Available,Japan - Tōkyō,2/10/25,Medium,Low,Not assigned
JP,Not Available,Japan,2/10/25,Medium,Low,Not assigned
KE,Not Available,KE,2/10/25,Medium,Low,Not assigned
KG,Not Available,KG,2/10/25,Medium,Low,Not assigned
KH,Not Available,KH,2/10/25,Medium,Low,Not assigned
KM,Not Available,KM,2/10/25,Medium,Low,Not assigned
KP,Not Available,KP,2/10/25,Medium,Low,Not assigned
KR,Not Available,KR,2/10/25,Medium,Low,Riktesh
KW,Not Available,KW,2/10/25,Medium,Low,Not assigned
KY,Not Available,KY,2/10/25,Medium,Low,Not assigned
KZ,Not Available,KZ,2/10/25,Medium,Low,Not assigned
LA,Not Available,LA,2/10/25,Medium,Low,Not assigned
LB,Not Available,LB,2/10/25,Medium,Low,Not assigned
LC,Not Available,LC,2/10/25,Medium,Low,Not assigned
LI,Not Available,Lithuania,2/10/25,Medium,Low,Neelaksh
LK,Not Available,LK,2/10/25,Medium,Low,Not assigned
LR,Not Available,LR,2/10/25,Medium,Low,Not assigned
LS,Not Available,LS,2/10/25,Medium,Low,Not assigned
LT,Not Available,LT,2/10/25,Medium,Low,Not assigned
LU,Not Available,Luxembourg,2/10/25,Medium,Low,Neelaksh
LV,Not Available,LV,2/10/25,Medium,Low,Not assigned
LY,Not Available,LY,2/10/25,Medium,Low,Not assigned
MA,Not Available,MA,2/10/25,Medium,Low,Not assigned
MC,Not Available,MC,2/10/25,Medium,Low,Not assigned
MD,Not Available,MD,2/10/25,Medium,Low,Not assigned
ME,Not Available,ME,2/10/25,Medium,Low,Not assigned
MG,Not Available,MG,2/10/25,Medium,Low,Not assigned
MK,Not Available,MK,2/10/25,Medium,Low,Not assigned
ML,Not Available,ML,2/10/25,Medium,Low,Not assigned
MM,Not Available,MM,2/10/25,Medium,Low,Not assigned
MN,Not Available,MN,2/10/25,Medium,Low,Not assigned
MO,Not Available,MO,2/10/25,Medium,Low,Not assigned
MQ,Not Available,MQ,2/10/25,Medium,Low,Not assigned
MR,Not Available,MR,2/10/25,Medium,Low,Not assigned
MT,Not Available,MT,2/10/25,Medium,Low,Not assigned
MU,Not Available,MU,2/10/25,Medium,Low,Not assigned
MV,Not Available,MV,2/10/25,Medium,Low,Not assigned
MW,Not Available,MW,2/10/25,Medium,Low,Not assigned
MX,Not Available,MX,2/10/25,Medium,Low,Not assigned
MY-EM,Not Available,MY-EM,2/10/25,Medium,Low,Not assigned
MY-WM,Not Available,MY-WM,2/10/25,Medium,Low,Not assigned
MY,Not Available,MY,2/10/25,Medium,Low,Not assigned
MZ,Not Available,MZ,2/10/25,Medium,Low,Not assigned
NA,Not Available,NA,2/10/25,Medium,Low,Not assigned
NC,Not Available,NC,2/10/25,Medium,Low,Not assigned
NE,Not Available,NE,2/10/25,Medium,Low,Not assigned
NG,Not Available,NG,2/10/25,Medium,Low,Not assigned
NI,Not Available,Nicaragua,2/10/25,Medium,Low,Rahul
NL,Not Available,Netherlands,2/10/25,Medium,Low,Neelaksh
NO-NO1,Not Available,Norway - Southeast,2/10/25,Medium,Low,Neelaksh
NO-NO2,Not Available,Norway - Southwest,2/10/25,Medium,Low,Neelaksh
NO-NO3,Not Available,Norway - Middle,2/10/25,Medium,Low,Neelaksh
NO-NO4,Not Available,Norway - North,2/10/25,Medium,Low,Neelaksh
NO-NO5,Not Available,Norway - West,2/10/25,Medium,Low,Neelaksh
NO,Not Available,Norway,2/10/25,Medium,Low,Neelaksh
NP,Not Available,NP,2/10/25,Medium,Low,Not assigned
NZ-NZA,Not Available,NZ-NZA,2/10/25,Medium,Low,Rahul
NZ-NZC,Not Available,NZ-NZC,2/10/25,Medium,Low,Rahul
NZ-NZST,Not Available,NZ-NZST,2/10/25,Medium,Low,Rahul
NZ,Not Available,New Zealand,2/10/25,Medium,Low,Not assigned
OM,Not Available,OM,2/10/25,Medium,Low,Not assigned
PA,Not Available,PA,2/10/25,Medium,Low,Not assigned
PE,Not Available,PE,2/10/25,Medium,Low,Not assigned
PF,Not Available,PF,2/10/25,Medium,Low,Not assigned
PG,Not Available,PG,2/10/25,Medium,Low,Not assigned
PH-LU,Not Available,PH-LU,2/10/25,Medium,Low,Not assigned
PH-MI,Not Available,PH-MI,2/10/25,Medium,Low,Not assigned
PH-VI,Not Available,PH-VI,2/10/25,Medium,Low,Not assigned
PH,Not Available,PH,2/10/25,Medium,Low,Not assigned
PK,Not Available,PK,2/10/25,Medium,Low,Not assigned
PL,Not Available,Poland,2/10/25,Medium,Low,Not assigned
PM,Not Available,PM,2/10/25,Medium,Low,Not assigned
PR,Not Available,PR,2/10/25,Medium,Low,Not assigned
PS,Not Available,PS,2/10/25,Medium,Low,Not assigned
PT-AC,Not Available,PT-AC,2/10/25,Medium,Low,Not assigned
PT-MA,Not Available,PT-MA,2/10/25,Medium,Low,Not assigned
PT,Not Available,Portugal,2/10/25,Medium,Low,Not assigned
PW,Not Available,PW,2/10/25,Medium,Low,Not assigned
PY,Not Available,PY,2/10/25,Medium,Low,Not assigned
QA,Not Available,QA,2/10/25,Medium,Low,Not assigned
RE,Not Available,RE,2/10/25,Medium,Low,Not assigned
RO,Not Available,Romania,2/10/25,Medium,Low,Not assigned
RS,Not Available,RS,2/10/25,Medium,Low,Not assigned
RU-1,Not Available,RU-1,2/10/25,Medium,Low,Not assigned
RU-2,Not Available,RU-2,2/10/25,Medium,Low,Not assigned
RU-AS,Not Available,RU-AS,2/10/25,Medium,Low,Not assigned
RU-EU,Not Available,RU-EU,2/10/25,Medium,Low,Not assigned
RU-FE,Not Available,RU-FE,2/10/25,Medium,Low,Not assigned
RU-KGD,Not Available,RU-KGD,2/10/25,Medium,Low,Not assigned
RU,Not Available,RU,2/10/25,Medium,Low,Not assigned
RW,Not Available,RW,2/10/25,Medium,Low,Not assigned
SA,Not Available,SA,2/10/25,Medium,Low,Not assigned
SB,Not Available,SB,2/10/25,Medium,Low,Not assigned
SC,Not Available,SC,2/10/25,Medium,Low,Not assigned
SD,Not Available,SD,2/10/25,Medium,Low,Not assigned
SE-SE1,Not Available,Sweden - Luleå,2/10/25,Medium,Low,Neelaksh
SE-SE2,Not Available,Sweden - Sundsvall,2/10/25,Medium,Low,Neelaksh
SE-SE3,Not Available,Sweden - Stockholm,2/10/25,Medium,Low,Neelaksh
SE-SE4,Not Available,Sweden - Malmö,2/10/25,Medium,Low,Neelaksh
SE,Not Available,Sweden,2/10/25,Medium,Low,Neelaksh
SG,EstimatedDaily,SG,2/10/25,Medium,Low,Riktesh
SI,Not Available,Slovenia,2/10/25,Medium,Low,Neelaksh
SJ,Not Available,SJ,2/10/25,Medium,Low,Not assigned
SK,Not Available,Slovakia,2/10/25,Medium,Low,Neelaksh
SL,Not Available,SL,2/10/25,Medium,Low,Not assigned
SN,Not Available,SN,2/10/25,Medium,Low,Not assigned
SO,Not Available,SO,2/10/25,Medium,Low,Not assigned
SR,Not Available,SR,2/10/25,Medium,Low,Not assigned
SS,Not Available,SS,2/10/25,Medium,Low,Not assigned
ST,Not Available,ST,2/10/25,Medium,Low,Not assigned
SV,Not Available,SV,2/10/25,Medium,Low,Not assigned
SY,Not Available,SY,2/10/25,Medium,Low,Not assigned
SZ,Not Available,SZ,2/10/25,Medium,Low,Not assigned
TD,Not Available,TD,2/10/25,Medium,Low,Not assigned
TF,Not Available,TF,2/10/25,Medium,Low,Not assigned
TG,Not Available,TG,2/10/25,Medium,Low,Not assigned
TH,Not Available,TH,2/10/25,Medium,Low,Not assigned
TJ,Not Available,TJ,2/10/25,Medium,Low,Not assigned
TL,Not Available,TL,2/10/25,Medium,Low,Not assigned
TM,Not Available,TM,2/10/25,Medium,Low,Not assigned
TN,Not Available,TN,2/10/25,Medium,Low,Not assigned
TO,Not Available,TO,2/10/25,Medium,Low,Not assigned
TR,Not Available,TR,2/10/25,Medium,Low,Not assigned
TT,Not Available,TT,2/10/25,Medium,Low,Not assigned
TW,Not Available,TW,2/10/25,Medium,Low,Not assigned
TZ,Not Available,TZ,2/10/25,Medium,Low,Not assigned
UA-CR,Not Available,UA-CR,2/10/25,Medium,Low,Not assigned
UA,Not Available,UA,2/10/25,Medium,Low,Not assigned
UG,Not Available,UG,2/10/25,Medium,Low,Not assigned
US-AK-SEAPA,Not Available,US-AK-SEAPA,2/10/25,Medium,Low,Sayonsom
US-AK,Not Available,US-AK,2/10/25,Medium,Low,Sayonsom
US-CAL-BANC,Real-Time(<6hours),US-CAL-BANC,2/10/25,Low,High,Sayonsom
US-CAL-CISO,Real-Time(<6hours),US - California Independent System Operator,2/10/25,Low,High,Sayonsom
US-CAL-IID,Real-Time(<6hours),US-CAL-IID,2/10/25,Low,High,Sayonsom
US-CAL-LDWP,Real-Time(<6hours),US-CAL-LDWP,2/10/25,Low,High,Sayonsom
US-CAL-TIDC,Real-Time(<6hours),US-CAL-TIDC,2/10/25,Low,High,Sayonsom
US-CAR-CPLE,Real-Time(<6hours),US-CAR-CPLE,2/10/25,Low,High,Sayonsom
US-CAR-CPLW,Real-Time(<6hours),US-CAR-CPLW,2/10/25,Low,High,Sayonsom
US-CAR-DUK,Real-Time(<6hours),US-CAR-DUK,2/10/25,Low,High,Sayonsom
US-CAR-SC,Real-Time(<6hours),US-CAR-SC,2/10/25,Low,High,Sayonsom
US-CAR-SCEG,Real-Time(<6hours),US-CAR-SCEG,2/10/25,Low,High,Sayonsom
US-CAR-YAD,Real-Time(<6hours),US-CAR-YAD,2/10/25,Low,High,Sayonsom
US-CENT-SPA,Real-Time(<6hours),US-CENT-SPA,2/10/25,Low,High,Sayonsom
US-CENT-SWPP,Real-Time(<6hours),US-CENT-SWPP,2/10/25,Low,High,Sayonsom
US-FLA-FMPP,Real-Time(<6hours),US-FLA-FMPP,2/10/25,Low,High,Sayonsom
US-FLA-FPC,Real-Time(<6hours),US-FLA-FPC,2/10/25,Low,High,Sayonsom
US-FLA-FPL,Real-Time(<6hours),US-FLA-FPL,2/10/25,Low,High,Sayonsom
US-FLA-GVL,Real-Time(<6hours),US-FLA-GVL,2/10/25,Low,High,Sayonsom
US-FLA-HST,Real-Time(<6hours),US-FLA-HST,2/10/25,Low,High,Sayonsom
US-FLA-JEA,Real-Time(<6hours),US-FLA-JEA,2/10/25,Low,High,Sayonsom
US-FLA-SEC,Real-Time(<6hours),US-FLA-SEC,2/10/25,Low,High,Sayonsom
US-FLA-TAL,Real-Time(<6hours),US-FLA-TAL,2/10/25,Low,High,Sayonsom
US-FLA-TEC,Real-Time(<6hours),US-FLA-TEC,2/10/25,Low,High,Sayonsom
US-HI,Real-Time(<6hours),US-HI,2/10/25,Low,High,Sayonsom
US-MIDA-PJM,Real-Time(<6hours),US - PJM Interconnection,2/10/25,Low,High,Sayonsom
US-MIDW-AECI,Real-Time(<6hours),US-MIDW-AECI,2/10/25,Low,High,Sayonsom
US-MIDW-LGEE,Real-Time(<6hours),US-MIDW-LGEE,2/10/25,Low,High,Sayonsom
US-MIDW-MISO,Real-Time(<6hours),US - Midcontinent Independent System Operator MISO,2/10/25,Low,High,Sayonsom
US-NE-ISNE,Real-Time(<6hours),US-NE-ISNE,2/10/25,Low,High,Sayonsom
US-NW-AVA,Real-Time(<6hours),US-NW-AVA,2/10/25,Low,High,Sayonsom
US-NW-BPAT,Real-Time(<6hours),US-NW-BPAT,2/10/25,Low,High,Sayonsom
US-NW-CHPD,Real-Time(<6hours),US-NW-CHPD,2/10/25,Low,High,Sayonsom
US-NW-DOPD,Real-Time(<6hours),US-NW-DOPD,2/10/25,Low,High,Sayonsom
US-NW-GCPD,Real-Time(<6hours),US-NW-GCPD,2/10/25,Low,High,Sayonsom
US-NW-GRID,Real-Time(<6hours),US-NW-GRID,2/10/25,Low,High,Sayonsom
US-NW-IPCO,Real-Time(<6hours),US-NW-IPCO,2/10/25,Low,High,Sayonsom
US-NW-NEVP,Real-Time(<6hours),US-NW-NEVP,2/10/25,Low,High,Sayonsom
US-NW-NWMT,Real-Time(<6hours),US-NW-NWMT,2/10/25,Low,High,Sayonsom
US-NW-PACE,Real-Time(<6hours),US-NW-PACE,2/10/25,Low,High,Sayonsom
US-NW-PACW,Real-Time(<6hours),US-NW-PACW,2/10/25,Low,High,Sayonsom
US-NW-PGE,Real-Time(<6hours),US-NW-PGE,2/10/25,Low,High,Sayonsom
US-NW-PSCO,Real-Time(<6hours),US-NW-PSCO,2/10/25,Low,High,Sayonsom
US-NW-PSEI,Real-Time(<6hours),US-NW-PSEI,2/10/25,Low,High,Sayonsom
US-NW-SCL,Real-Time(<6hours),US-NW-SCL,2/10/25,Low,High,Sayonsom
US-NW-TPWR,Real-Time(<6hours),US-NW-TPWR,2/10/25,Low,High,Sayonsom
US-NW-WACM,Real-Time(<6hours),US-NW-WACM,2/10/25,Low,High,Sayonsom
US-NW-WAUW,Real-Time(<6hours),US-NW-WAUW,2/10/25,Low,High,Sayonsom
US-NY-NYIS,Real-Time(<6hours),US - New York Independent System Operator NYISO,2/10/25,Low,High,Sayonsom
US-SE-SEPA,Real-Time(<6hours),US-SE-SEPA,2/10/25,Low,High,Sayonsom
US-SE-SOCO,Real-Time(<6hours),US-SE-SOCO,2/10/25,Low,High,Sayonsom
US-SW-AZPS,Real-Time(<6hours),US-SW-AZPS,2/10/25,Low,High,Sayonsom
US-SW-EPE,Real-Time(<6hours),US-SW-EPE,2/10/25,Low,High,Sayonsom
US-SW-PNM,Real-Time(<6hours),US-SW-PNM,2/10/25,Low,High,Sayonsom
US-SW-SRP,Real-Time(<6hours),US-SW-SRP,2/10/25,Low,High,Sayonsom
US-SW-TEPC,Real-Time(<6hours),US-SW-TEPC,2/10/25,Low,High,Sayonsom
US-SW-WALC,Real-Time(<6hours),US-SW-WALC,2/10/25,Low,High,Sayonsom
US-TEN-TVA,Real-Time(<6hours),US-TEN-TVA,2/10/25,Low,High,Sayonsom
US-TEX-ERCO,Real-Time(<6hours),US - Electric Reliability Council of Texas ERCOT,2/10/25,Low,High,Sayonsom
US,Real-Time(<6hours),United States,2/10/25,Low,High,Sayonsom
UY,Not Available,UY,2/10/25,Medium,Low,Not assigned
UZ,Not Available,UZ,2/10/25,Medium,Low,Not assigned
VC,Not Available,VC,2/10/25,Medium,Low,Not assigned
VE,Not Available,VE,2/10/25,Medium,Low,Not assigned
VI,Not Available,VI,2/10/25,Medium,Low,Not assigned
VN,Not Available,VN,2/10/25,Medium,Low,Not assigned
VU,Not Available,VU,2/10/25,Medium,Low,Not assigned
WS,Not Available,WS,2/10/25,Medium,Low,Not assigned
XK,Not Available,XK,2/10/25,Medium,Low,Not assigned
XX,Not Available,XX,2/10/25,Medium,Low,Not assigned
YE,Not Available,YE,2/10/25,Medium,Low,Not assigned
YT,Not Available,YT,2/10/25,Medium,Low,Not assigned
ZA,Not Available,ZA,2/10/25,Medium,Low,Not assigned
ZM,Not Available,ZM,2/10/25,Medium,Low,Not assigned
ZW,Not Available,ZW,2/10/25,Medium,Low,Not assigned